stock,product,gpu_price
In Stock!,ASUS ROG Strix GeForce RTX 3060 12GB GDDR6 PCI Express 4.0 Video Card ,619
In Stock!,MSI Ventus GeForce RTX 3060 Ti 8GB GDDR6 PCI Express 4.0 Video Card RT,679
In Stock!,MSI Ventus GeForce RTX 3080 10GB GDDR6X PCI Express 4.0 Video Card RTX,1119
In Stock!,GIGABYTE Gaming OC GeForce RTX 3060 Ti 8GB GDDR6 PCI Express 4.0 ATX V,769
In Stock!,EVGA GeForce RTX 3090 Ti FTW3 ULTRA GAMING| 24G-P5-4985-KR| 24GB GDDR6,2899
In Stock!,GIGABYTE AORUS GeForce RTX 3060 ELITE 12GB GDDR6 PCI Express 4.0 ATX V,649
In Stock!,ASUS Dual GeForce RTX 3050 8GB GDDR6 PCI Express 4.0 Video Card DUAL-R,499
In Stock!,MSI Ventus GeForce RTX 3080 12GB GDDR6X PCI Express 4.0 Video Card RTX,1329
In Stock!,EVGA GeForce RTX 3080 Ti XC3 ULTRA GAMING Video Card| 12G-P5-3955-KR| ,1639
In Stock!,GIGABYTE GeForce RTX 3080 GAMING OC 12G Graphics Card| 3 x WINDFORCE F,1249
In Stock!,MSI Ventus GeForce RTX 3070 Ti 8GB GDDR6X PCI Express 4.0 Video Card R,999
In Stock!,GIGABYTE Gaming OC GeForce RTX 3070 8GB GDDR6 PCI Express 4.0 ATX Vide,949
In Stock!,ASUS ROG Strix GeForce RTX 3070 Ti 8GB GDDR6X PCI Express 4.0 Video Ca,1199
In Stock!,MSI Ventus GeForce RTX 3050 8GB GDDR6 PCI Express 4.0 Video Card RTX 3,459
In Stock!,ASUS ROG STRIX GeForce RTX 3080 Ti 12GB GDDR6X PCI Express 4.0 x16 Vid,2199
In Stock!,GIGABYTE VISION OC GeForce RTX 3080 Ti 12GB GDDR6X PCI Express 4.0 ATX,1629
Limited time offer, ends 05/26,MSI Gaming GeForce RTX 3080 12GB GDDR6X PCI Express 4.0 ATX Video Card,1388
In Stock!,GIGABYTE Vision OC GeForce RTX 3080 10GB GDDR6X PCI Express 4.0 ATX Vi,1249
In Stock!,MSI Gaming GeForce RTX 3070 Ti 8GB GDDR6X PCI Express 4.0 Video Card R,1099
In Stock!,ASUS ROG Strix GeForce RTX 3050 8GB GDDR6 PCI Express 4.0 Video Card R,536
In Stock!,ASUS TUF Gaming NVIDIA GeForce RTX 3080 OC Edition Graphics Card (PCIe,1499
In Stock!,ASUS TUF Gaming GeForce RTX 3080 Ti 12GB GDDR6X PCI Express 4.0 Video ,1789
In Stock!,GIGABYTE GeForce RTX 3050 GAMING OC 8G Graphics Card| 3x WINDFORCE Fan,509
In Stock!,ASUS ROG Strix NVIDIA GeForce RTX 3080 OC Edition Gaming Graphics Card,1529
In Stock!,EVGA GeForce RTX 3080 Ti FTW3 ULTRA GAMING Video Card| 12G-P5-3967-KR|,1699
In Stock!,MSI Gaming GeForce RTX 3090 24GB GDDR6X PCI Express 4.0 SLI Support Vi,2629
In Stock!,GIGABYTE Gaming GeForce RTX 3080 Ti 12GB GDDR6X PCI Express 4.0 ATX Vi,1549
In Stock!,MSI Ventus GeForce RTX 3060 12GB GDDR6 PCI Express 4.0 Video Card RTX ,619
In Stock!,GIGABYTE AORUS GeForce RTX 3070 Ti 8GB GDDR6X PCI Express 4.0 ATX Vide,1199
In Stock!,GIGABYTE AORUS GeForce RTX 3090 Ti XTREME WATERFORCE 24GB GDDR6X PCI E,2799
In Stock!,GIGABYTE AORUS GeForce RTX 3070 MASTER 8GB GDDR6 PCI Express 4.0 ATX V,1057
In Stock!,MSI Ventus GeForce RTX 3080 Ti 12GB GDDR6X PCI Express 4.0 ATX Video C,1699
In Stock!,GIGABYTE AORUS GeForce RTX 3060 Ti ELITE 8GB GDDR6 PCI Express 4.0 ATX,899
In Stock!,EVGA GeForce RTX 3090 FTW3 ULTRA GAMING Video Card| 24G-P5-3987-KR| 24,2299
In Stock!,MSI Suprim GeForce RTX 3090 Ti 24GB GDDR6X PCI Express 4.0 SLI Support,2899
In Stock!,MSI Gaming GeForce RTX 3090 Ti 24GB GDDR6X PCI Express 4.0 SLI Support,2799
